feature,importance_mean,importance_sd
Feature_asym_energy_content_below_05_Power_Spectrum_Density_AP,0.4155465717295074,0.14143575526460472
Feature_asym_frequency_quotient_Power_Spectrum_Density_ML,0.18090054460611565,0.08344019511885767
Feature_asym_frequency_dispersion_Power_Spectrum_Density_ML,0.14115439718487202,0.07725366194227001
Feature_asym_mean_value_ML,0.09410195151148981,0.08654403700058072
Feature_asym_phase_plane_parameter_ML,0.08531566187816703,0.06840903732476836
Feature_asym_range_ML,0.08298087308984807,0.08972833931060961
